method,power,fdp,seedB
vanilla,0.33,0.05714285714285714,1
multiple,0.24,0.07692307692307693,1
